<?xml version="1.0" encoding="UTF-8" ?>
<!DOCTYPE html>
<html b:css='false' b:defaultwidgetversion='2' b:layoutsVersion='3' b:responsive='true' b:templateVersion='1.0.0' expr:dir='data:blog.languageDirection' xmlns='http://www.w3.org/1999/xhtml' xmlns:b='http://www.google.com/2005/gml/b' xmlns:data='http://www.google.com/2005/gml/data' xmlns:expr='http://www.google.com/2005/gml/expr'>
<head>
    <meta charset="UTF-8"/>
    <meta content="width=device-width, initial-scale=1.0" name="viewport"/>
    <meta content="Rexo Tool - Free online PDF tools to merge, split, compress, convert, edit and sign PDFs. All tools work directly in your browser - no upload required." name="description"/>
    <meta content="PDF tools, merge PDF, split PDF, compress PDF, convert PDF, edit PDF, sign PDF, free PDF tools, online PDF editor" name="keywords"/>
    <meta content="Rexo Agency" name="author"/>
    <meta content="index, follow" name="robots"/>
    
    <title><data:blog.pageTitle/></title>
    
    <link expr:href='data:blog.canonicalUrl' rel='canonical'/>
    <link href='https://cdnjs.cloudflare.com/ajax/libs/pdf-lib/1.17.1/pdf-lib.min.js' rel='preload' as='script'/>
    
    <b:skin><![CDATA[
        :root {
            --primary-red: #e5322d;
            --primary-red-dark: #c42a26;
            --primary-red-light: #ff4d47;
            --background-light: #f8f8fa;
            --background-white: #ffffff;
            --background-card: #f0f4ff;
            --text-dark: #1a1a2e;
            --text-gray: #6b7280;
            --text-light: #9ca3af;
            --border-color: #e5e7eb;
            --shadow-sm: 0 1px 2px rgba(0,0,0,0.05);
            --shadow-md: 0 4px 6px -1px rgba(0,0,0,0.1);
            --shadow-lg: 0 10px 15px -3px rgba(0,0,0,0.1);
            --shadow-xl: 0 20px 25px -5px rgba(0,0,0,0.1);
            --radius-sm: 8px;
            --radius-md: 12px;
            --radius-lg: 16px;
            --transition: all 0.3s ease;
        }

        * {
            margin: 0;
            padding: 0;
            box-sizing: border-box;
        }

        html {
            scroll-behavior: smooth;
        }

        body {
            font-family: -apple-system, BlinkMacSystemFont, "Segoe UI", Roboto, Helvetica, Arial, sans-serif;
            background-color: var(--background-light);
            color: var(--text-dark);
            line-height: 1.6;
            overflow-x: hidden;
        }

        .container {
            max-width: 1200px;
            margin: 0 auto;
            padding: 0 20px;
        }

        .header {
            background: var(--background-white);
            position: sticky;
            top: 0;
            z-index: 1000;
            transition: var(--transition);
            border-bottom: 1px solid var(--border-color);
        }

        .header.scrolled {
            box-shadow: var(--shadow-md);
        }

        .header-content {
            display: flex;
            justify-content: space-between;
            align-items: center;
            padding: 15px 20px;
            max-width: 1200px;
            margin: 0 auto;
        }

        .logo {
            display: flex;
            align-items: center;
            gap: 10px;
            text-decoration: none;
            color: var(--text-dark);
        }

        .logo-icon {
            width: 40px;
            height: 40px;
            background: var(--primary-red);
            border-radius: var(--radius-sm);
            display: flex;
            align-items: center;
            justify-content: center;
            color: white;
            font-weight: bold;
            font-size: 18px;
        }

        .logo-text {
            font-weight: bold;
            font-size: 22px;
            color: var(--text-dark);
        }

        .logo-text span {
            color: var(--primary-red);
        }

        .nav {
            display: flex;
            gap: 30px;
            align-items: center;
        }

        .nav a {
            text-decoration: none;
            color: var(--text-gray);
            font-weight: 500;
            transition: var(--transition);
            font-size: 15px;
        }

        .nav a:hover {
            color: var(--primary-red);
        }

        .hamburger {
            display: none;
            flex-direction: column;
            gap: 5px;
            cursor: pointer;
            padding: 10px;
        }

        .hamburger span {
            width: 25px;
            height: 3px;
            background: var(--text-dark);
            border-radius: 3px;
            transition: var(--transition);
        }

        .mobile-nav {
            display: none;
            position: fixed;
            top: 70px;
            left: 0;
            right: 0;
            background: var(--background-white);
            padding: 20px;
            box-shadow: var(--shadow-lg);
            z-index: 999;
        }

        .mobile-nav.active {
            display: block;
        }

        .mobile-nav a {
            display: block;
            padding: 15px 0;
            text-decoration: none;
            color: var(--text-dark);
            font-weight: 500;
            border-bottom: 1px solid var(--border-color);
        }

        .hero {
            background: linear-gradient(135deg, #ffffff 0%, #f0f4ff 100%);
            padding: 80px 20px;
            text-align: center;
        }

        .hero h1 {
            font-size: 42px;
            font-weight: 700;
            color: var(--text-dark);
            margin-bottom: 20px;
            line-height: 1.2;
        }

        .hero p {
            font-size: 18px;
            color: var(--text-gray);
            max-width: 600px;
            margin: 0 auto;
        }

        .features {
            padding: 80px 20px;
            background: var(--background-light);
        }

        .features-title {
            text-align: center;
            font-size: 36px;
            font-weight: 700;
            color: var(--primary-red);
            margin-bottom: 20px;
        }

        .features-subtitle {
            text-align: center;
            color: var(--text-gray);
            max-width: 700px;
            margin: 0 auto 50px;
            font-size: 16px;
            line-height: 1.8;
        }

        .features-grid {
            display: grid;
            grid-template-columns: repeat(auto-fit, minmax(300px, 1fr));
            gap: 30px;
            max-width: 1000px;
            margin: 0 auto;
        }

        .feature-card {
            background: var(--background-white);
            padding: 30px;
            border-radius: var(--radius-md);
            border: 1px solid var(--border-color);
            transition: var(--transition);
        }

        .feature-card:hover {
            box-shadow: var(--shadow-md);
            transform: translateY(-2px);
        }

        .feature-icon {
            width: 50px;
            height: 50px;
            background: var(--background-card);
            border-radius: var(--radius-sm);
            display: flex;
            align-items: center;
            justify-content: center;
            font-size: 24px;
            margin-bottom: 15px;
        }

        .feature-card h3 {
            font-size: 18px;
            font-weight: 600;
            color: var(--text-dark);
            margin-bottom: 10px;
        }

        .feature-card p {
            color: var(--text-gray);
            font-size: 14px;
            line-height: 1.6;
        }

        .tools-section {
            padding: 80px 20px;
            background: var(--background-white);
        }

        .section-title {
            text-align: center;
            font-size: 32px;
            font-weight: 700;
            color: var(--text-dark);
            margin-bottom: 50px;
        }

        .tools-grid {
            display: grid;
            grid-template-columns: repeat(auto-fill, minmax(280px, 1fr));
            gap: 20px;
            max-width: 1200px;
            margin: 0 auto;
        }

        .tool-card {
            background: var(--background-card);
            padding: 25px;
            border-radius: var(--radius-md);
            cursor: pointer;
            transition: var(--transition);
            border: 2px solid transparent;
        }

        .tool-card:hover {
            border-color: var(--primary-red);
            box-shadow: var(--shadow-md);
            transform: translateY(-3px);
        }

        .tool-icon-wrapper {
            display: flex;
            align-items: center;
            gap: 10px;
            margin-bottom: 15px;
        }

        .tool-icon {
            width: 45px;
            height: 45px;
            background: var(--background-white);
            border-radius: var(--radius-sm);
            display: flex;
            align-items: center;
            justify-content: center;
            font-size: 20px;
        }

        .tool-arrow {
            color: var(--text-light);
            font-size: 18px;
        }

        .tool-card h3 {
            font-size: 16px;
            font-weight: 600;
            color: var(--primary-red);
            margin-bottom: 8px;
            text-transform: uppercase;
        }

        .tool-card p {
            color: var(--text-gray);
            font-size: 13px;
            line-height: 1.5;
        }

        .trust-section {
            padding: 60px 20px;
            background: var(--background-light);
            text-align: center;
        }

        .trust-section h2 {
            font-size: 28px;
            font-weight: 700;
            color: var(--text-dark);
            margin-bottom: 15px;
        }

        .trust-section p {
            color: var(--text-gray);
            max-width: 700px;
            margin: 0 auto 40px;
        }

        .trust-badges {
            display: flex;
            justify-content: center;
            gap: 30px;
            flex-wrap: wrap;
        }

        .trust-badge {
            display: flex;
            align-items: center;
            gap: 10px;
            background: var(--background-white);
            padding: 15px 25px;
            border-radius: var(--radius-md);
            border: 1px solid var(--border-color);
        }

        .trust-badge-icon {
            width: 40px;
            height: 40px;
            background: var(--background-card);
            border-radius: 50%;
            display: flex;
            align-items: center;
            justify-content: center;
            font-size: 20px;
        }

        .trust-badge span {
            font-weight: 600;
            color: var(--text-dark);
            font-size: 14px;
        }

        .footer {
            background: #1a1a2e;
            color: white;
            padding: 60px 20px 30px;
        }

        .footer-content {
            display: grid;
            grid-template-columns: 2fr 1fr 1fr;
            gap: 50px;
            max-width: 1200px;
            margin: 0 auto;
        }

        .footer-brand .logo-text {
            color: white;
            font-size: 24px;
            margin-bottom: 15px;
        }

        .footer-brand p {
            color: #9ca3af;
            font-size: 14px;
            line-height: 1.8;
        }

        .footer-links h4 {
            color: white;
            font-size: 16px;
            font-weight: 600;
            margin-bottom: 20px;
        }

        .footer-links ul {
            list-style: none;
        }

        .footer-links li {
            margin-bottom: 12px;
        }

        .footer-links a {
            color: #9ca3af;
            text-decoration: none;
            font-size: 14px;
            transition: var(--transition);
        }

        .footer-links a:hover {
            color: white;
        }

        .footer-contact p {
            color: #9ca3af;
            font-size: 14px;
            margin-bottom: 10px;
            display: flex;
            align-items: center;
            gap: 10px;
        }

        .footer-bottom {
            text-align: center;
            padding-top: 30px;
            margin-top: 40px;
            border-top: 1px solid #2d2d44;
            color: #9ca3af;
            font-size: 14px;
        }

        .modal-overlay {
            display: none;
            position: fixed;
            top: 0;
            left: 0;
            right: 0;
            bottom: 0;
            background: rgba(0, 0, 0, 0.7);
            z-index: 2000;
            justify-content: center;
            align-items: center;
            padding: 20px;
        }

        .modal-overlay.active {
            display: flex;
        }

        .modal {
            background: var(--background-white);
            border-radius: var(--radius-lg);
            max-width: 600px;
            width: 100%;
            max-height: 90vh;
            overflow-y: auto;
            animation: modalSlide 0.3s ease;
        }

        @keyframes modalSlide {
            from {
                opacity: 0;
                transform: translateY(-20px);
            }
            to {
                opacity: 1;
                transform: translateY(0);
            }
        }

        .modal-header {
            display: flex;
            justify-content: space-between;
            align-items: center;
            padding: 20px 25px;
            border-bottom: 1px solid var(--border-color);
        }

        .modal-header h2 {
            font-size: 20px;
            font-weight: 600;
            color: var(--text-dark);
        }

        .modal-close {
            width: 35px;
            height: 35px;
            border: none;
            background: var(--background-light);
            border-radius: 50%;
            cursor: pointer;
            font-size: 20px;
            color: var(--text-gray);
            transition: var(--transition);
        }

        .modal-close:hover {
            background: var(--primary-red);
            color: white;
        }

        .modal-body {
            padding: 25px;
        }

        .upload-area {
            border: 2px dashed var(--border-color);
            border-radius: var(--radius-md);
            padding: 40px;
            text-align: center;
            cursor: pointer;
            transition: var(--transition);
            margin-bottom: 20px;
        }

        .upload-area:hover,
        .upload-area.dragover {
            border-color: var(--primary-red);
            background: var(--background-card);
        }

        .upload-icon {
            font-size: 48px;
            margin-bottom: 15px;
        }

        .upload-area h3 {
            font-size: 18px;
            color: var(--text-dark);
            margin-bottom: 8px;
        }

        .upload-area p {
            color: var(--text-gray);
            font-size: 14px;
        }

        .file-list {
            margin-bottom: 20px;
        }

        .file-item {
            display: flex;
            justify-content: space-between;
            align-items: center;
            padding: 12px 15px;
            background: var(--background-light);
            border-radius: var(--radius-sm);
            margin-bottom: 8px;
        }

        .file-info {
            display: flex;
            align-items: center;
            gap: 10px;
        }

        .file-info span {
            font-size: 14px;
            color: var(--text-dark);
        }

        .file-size {
            color: var(--text-gray);
            font-size: 12px;
        }

        .remove-file {
            background: none;
            border: none;
            color: var(--primary-red);
            cursor: pointer;
            font-size: 18px;
        }

        .tool-options {
            margin-bottom: 20px;
            padding: 20px;
            background: var(--background-light);
            border-radius: var(--radius-md);
        }

        .tool-options label {
            display: block;
            font-size: 14px;
            font-weight: 500;
            color: var(--text-dark);
            margin-bottom: 8px;
        }

        .tool-options input[type="text"],
        .tool-options input[type="number"],
        .tool-options input[type="password"],
        .tool-options select,
        .tool-options textarea {
            width: 100%;
            padding: 12px 15px;
            border: 1px solid var(--border-color);
            border-radius: var(--radius-sm);
            font-size: 14px;
            margin-bottom: 15px;
        }

        .tool-options input[type="range"] {
            width: 100%;
            margin-bottom: 15px;
        }

        .process-btn {
            width: 100%;
            padding: 15px;
            background: var(--primary-red);
            color: white;
            border: none;
            border-radius: var(--radius-md);
            font-size: 16px;
            font-weight: 600;
            cursor: pointer;
            transition: var(--transition);
        }

        .process-btn:hover {
            background: var(--primary-red-dark);
        }

        .process-btn:disabled {
            background: var(--text-light);
            cursor: not-allowed;
        }

        .output-area {
            display: none;
            margin-top: 20px;
            padding: 20px;
            background: #d4edda;
            border-radius: var(--radius-md);
            text-align: center;
        }

        .output-area.active {
            display: block;
        }

        .output-area h3 {
            color: #155724;
            margin-bottom: 10px;
        }

        .output-area a {
            display: inline-block;
            padding: 12px 25px;
            background: #28a745;
            color: white;
            text-decoration: none;
            border-radius: var(--radius-sm);
            font-weight: 500;
            margin-top: 10px;
        }

        .loader-overlay {
            display: none;
            position: fixed;
            top: 0;
            left: 0;
            right: 0;
            bottom: 0;
            background: rgba(255, 255, 255, 0.9);
            z-index: 3000;
            justify-content: center;
            align-items: center;
            flex-direction: column;
        }

        .loader-overlay.active {
            display: flex;
        }

        .loader-spinner {
            width: 50px;
            height: 50px;
            border: 4px solid var(--border-color);
            border-top-color: var(--primary-red);
            border-radius: 50%;
            animation: spin 1s linear infinite;
        }

        @keyframes spin {
            to { transform: rotate(360deg); }
        }

        .loader-text {
            margin-top: 20px;
            font-size: 16px;
            color: var(--text-dark);
        }

        .signature-canvas {
            border: 2px solid var(--border-color);
            border-radius: var(--radius-sm);
            width: 100%;
            height: 200px;
            cursor: crosshair;
            background: white;
            touch-action: none;
        }

        .canvas-controls {
            display: flex;
            gap: 10px;
            margin-top: 10px;
        }

        .canvas-controls button {
            padding: 8px 16px;
            border: 1px solid var(--border-color);
            background: var(--background-white);
            border-radius: var(--radius-sm);
            cursor: pointer;
            font-size: 14px;
        }

        .canvas-controls button:hover {
            background: var(--background-light);
        }

        @media (max-width: 768px) {
            .nav { display: none; }
            .hamburger { display: flex; }
            .hero h1 { font-size: 28px; }
            .hero p { font-size: 16px; }
            .features-title { font-size: 28px; }
            .features-grid { grid-template-columns: 1fr; }
            .tools-grid { grid-template-columns: 1fr; }
            .footer-content { grid-template-columns: 1fr; gap: 30px; }
            .trust-badges { flex-direction: column; align-items: center; }
        }
    ]]></b:skin>

    <script src="https://cdnjs.cloudflare.com/ajax/libs/pdf-lib/1.17.1/pdf-lib.min.js"></script>
    <script src="https://cdnjs.cloudflare.com/ajax/libs/pdf.js/2.16.105/pdf.min.js"></script>
    <script src="https://cdnjs.cloudflare.com/ajax/libs/html2pdf.js/0.10.1/html2pdf.bundle.min.js"></script>
    <script src="https://cdnjs.cloudflare.com/ajax/libs/mammoth/1.6.0/mammoth.browser.min.js"></script>
    <script src="https://cdnjs.cloudflare.com/ajax/libs/xlsx/0.18.5/xlsx.full.min.js"></script>
    <script src="https://cdnjs.cloudflare.com/ajax/libs/PptxGenJS/3.12.0/pptxgen.bundle.min.js"></script>
    <script src="https://cdnjs.cloudflare.com/ajax/libs/fabric.js/5.3.0/fabric.min.js"></script>
    <script src="https://cdnjs.cloudflare.com/ajax/libs/jszip/3.10.1/jszip.min.js"></script>
</head>
<body>
    <b:section id="main" showaddelement="no">
        <b:widget id="HTML1" locked="yes" title="" type="HTML" version="2">
            <b:includable id="main">
                <!-- Header -->
                <header class="header" id="header">
                    <div class="header-content">
                        <a class="logo" href="#">
                            <div class="logo-icon">R</div>
                            <div class="logo-text">Rexo <span>Tools</span></div>
                        </a>
                        <nav class="nav">
                            <a href="#home">Home</a>
                            <a href="#tools">All Tools</a>
                            <a href="#features">Features</a>
                            <a href="#about">About</a>
                            <a href="#contact">Contact</a>
                        </nav>
                        <div class="hamburger" id="hamburger">
                            <span></span>
                            <span></span>
                            <span></span>
                        </div>
                    </div>
                    <div class="mobile-nav" id="mobileNav">
                        <a href="#home">Home</a>
                        <a href="#tools">All Tools</a>
                        <a href="#features">Features</a>
                        <a href="#about">About</a>
                        <a href="#contact">Contact</a>
                    </div>
                </header>

                <!-- Hero Section -->
                <section class="hero" id="home">
                    <div class="container">
                        <h1>Every tool you need to work with PDFs in one place</h1>
                        <p>Convert, edit, and manage documents effortlessly with the powerful and free tools by Rexo Tools. All tools work directly in your browser - no upload required!</p>
                    </div>
                </section>

                <!-- Features Section -->
                <section class="features" id="features">
                    <div class="container">
                        <h2 class="features-title">Features</h2>
                        <p class="features-subtitle">Rexo Tools personalizes user experiences by understanding individual preferences, tailoring PDF tools and recommendations based on user behavior and historical data - all for FREE!</p>
                        <div class="features-grid" id="featuresGrid"></div>
                    </div>
                </section>

                <!-- Tools Section -->
                <section class="tools-section" id="tools">
                    <div class="container">
                        <h2 class="section-title">All PDF Tools</h2>
                        <div class="tools-grid" id="toolsGrid"></div>
                    </div>
                </section>

                <!-- Trust Section -->
                <section class="trust-section" id="about">
                    <div class="container">
                        <h2>The Suite of Tools Trusted by Millions</h2>
                        <p>Convert, edit, and manage documents effortlessly with the powerful tools by Rexo Tools. Our free online platform supports multiple file types and operations, ensuring smooth and accurate results.</p>
                        <div class="trust-badges">
                            <div class="trust-badge">
                                <div class="trust-badge-icon">&#128737;</div>
                                <span>ISO 27001 Certified</span>
                            </div>
                            <div class="trust-badge">
                                <div class="trust-badge-icon">&#128274;</div>
                                <span>SSL Encrypted</span>
                            </div>
                        </div>
                    </div>
                </section>

                <!-- Footer -->
                <footer class="footer" id="contact">
                    <div class="footer-content">
                        <div class="footer-brand">
                            <div class="logo-text">Rexo <span style="color: #e5322d;">Tools</span></div>
                            <p>Convert, edit, and manage your documents in seconds using the powerful and free tools at Rexo Tools. Our platform supports all major file formats and operations - text, images (JPG, PNG), spreadsheets (XLS), merging, splitting, and more - allowing for fast, high-quality results without losing formatting.</p>
                        </div>
                        <div class="footer-links">
                            <h4>MENU</h4>
                            <ul>
                                <li><a href="#home">Home</a></li>
                                <li><a href="#about">About</a></li>
                                <li><a href="#contact">Contact</a></li>
                                <li><a href="#">Privacy Policy</a></li>
                                <li><a href="#">Disclaimer</a></li>
                            </ul>
                        </div>
                        <div class="footer-links footer-contact">
                            <h4>CONTACT US</h4>
                            <p>&#9993; rexoagency.in@gmail.com</p>
                            <p>&#9742; +91 9116965626</p>
                        </div>
                    </div>
                    <div class="footer-bottom">
                        Copyright &#169; 2025 Rexo Tools. All Rights Reserved
                    </div>
                </footer>

                <!-- Modal -->
                <div class="modal-overlay" id="modalOverlay">
                    <div class="modal">
                        <div class="modal-header">
                            <h2 id="modalTitle">Tool Name</h2>
                            <button class="modal-close" id="modalClose">&#215;</button>
                        </div>
                        <div class="modal-body">
                            <div class="upload-area" id="uploadArea">
                                <div class="upload-icon">&#128196;</div>
                                <h3>Drag &amp; Drop files here</h3>
                                <p>or click to select files</p>
                                <input id="fileInput" multiple="" style="display:none" type="file"/>
                            </div>
                            <div class="file-list" id="fileList"></div>
                            <div class="tool-options" id="toolOptions" style="display:none"></div>
                            <button class="process-btn" disabled="" id="processBtn">Process Files</button>
                            <div class="output-area" id="outputArea"></div>
                        </div>
                    </div>
                </div>

                <!-- Loader -->
                <div class="loader-overlay" id="loaderOverlay">
                    <div class="loader-spinner"></div>
                    <div class="loader-text" id="loaderText">Processing...</div>
                </div>

                <script>
                //<![CDATA[
                document.addEventListener('DOMContentLoaded', function() {
                    // Configure PDF.js worker
                    if (typeof pdfjsLib !== 'undefined') {
                        pdfjsLib.GlobalWorkerOptions.workerSrc = 'https://cdnjs.cloudflare.com/ajax/libs/pdf.js/2.16.105/pdf.worker.min.js';
                    }

                    // Features Data
                    var features = [
                        { icon: '&#128259;', title: 'Multi-format Conversion', desc: 'Convert PDFs to Word, Excel, PPT, images, & more. All tools are 100% FREE!' },
                        { icon: '&#9889;', title: 'Batch Processing', desc: 'Save time by converting multiple files at once with our fast and reliable batch processing tools.' },
                        { icon: '&#128196;', title: 'High-quality Output', desc: 'Keep your original formatting, fonts, and images intact with our high-fidelity conversions.' },
                        { icon: '&#128640;', title: 'Fast Processing', desc: 'Get your files converted in seconds with our powerful and optimized servers. No more waiting!' },
                        { icon: '&#128274;', title: 'Secure File Handling', desc: 'Your files are safe with us. We use SSL encryption and automatically delete all files from our servers.' },
                        { icon: '&#128077;', title: 'User-friendly Interface', desc: 'Our intuitive design makes every tool simple to use, even for non-technical users.' }
                    ];

                    // Tools Data
                    var tools = [
                        { id: 'merge', title: 'Merge PDF', desc: 'Combine multiple PDF files into a single document effortlessly.', icon: '&#128196;', iconOut: '&#128220;', fileType: '.pdf', multiple: true },
                        { id: 'split', title: 'Split PDF', desc: 'Easily divide a PDF into multiple files. Select specific pages or ranges.', icon: '&#128196;', iconOut: '&#9986;', fileType: '.pdf', multiple: false },
                        { id: 'compress', title: 'Compress PDF', desc: 'Reduce PDF file size while maintaining quality.', icon: '&#128196;', iconOut: '&#128230;', fileType: '.pdf', multiple: false },
                        { id: 'rotate', title: 'Rotate PDF', desc: 'Adjust the orientation of PDF pages effortlessly.', icon: '&#128196;', iconOut: '&#128260;', fileType: '.pdf', multiple: false },
                        { id: 'pdfToText', title: 'PDF to Text', desc: 'Quickly convert PDFs to editable text, preserving content accuracy.', icon: '&#128196;', iconOut: '&#128221;', fileType: '.pdf', multiple: false },
                        { id: 'pdfToWord', title: 'PDF to Word', desc: 'Convert PDF documents to editable Word format.', icon: '&#128196;', iconOut: '&#128196;', fileType: '.pdf', multiple: false },
                        { id: 'pdfToPpt', title: 'PDF to PPT', desc: 'Convert each PDF page to a PowerPoint slide.', icon: '&#128196;', iconOut: '&#128202;', fileType: '.pdf', multiple: false },
                        { id: 'pdfToJpg', title: 'PDF to JPG', desc: 'Convert PDF pages to high-quality JPG images.', icon: '&#128196;', iconOut: '&#128444;', fileType: '.pdf', multiple: false },
                        { id: 'pdfToPng', title: 'PDF to PNG', desc: 'Convert PDF pages to PNG images with transparency support.', icon: '&#128196;', iconOut: '&#128444;', fileType: '.pdf', multiple: false },
                        { id: 'jpgToPdf', title: 'JPG to PDF', desc: 'Quickly convert JPG images to PDF files while maintaining image quality.', icon: '&#128444;', iconOut: '&#128196;', fileType: '.jpg,.jpeg', multiple: true },
                        { id: 'pngToPdf', title: 'PNG to PDF', desc: 'Easily transform PNG images into high-quality PDFs.', icon: '&#128444;', iconOut: '&#128196;', fileType: '.png', multiple: true },
                        { id: 'wordToPdf', title: 'Word to PDF', desc: 'Convert DOCX documents to professional PDF files.', icon: '&#128196;', iconOut: '&#128196;', fileType: '.docx', multiple: false },
                        { id: 'excelToPdf', title: 'Excel to PDF', desc: 'Easily convert Excel spreadsheets to professional PDFs.', icon: '&#128200;', iconOut: '&#128196;', fileType: '.xlsx,.xls', multiple: false },
                        { id: 'htmlToPdf', title: 'HTML to PDF', desc: 'Quickly convert HTML files to high-quality PDFs while preserving layouts.', icon: '&#128196;', iconOut: '&#128196;', fileType: '.html,.htm', multiple: false },
                        { id: 'textToPdf', title: 'Text to PDF', desc: 'Easily transform plain text into polished PDFs with clean formatting.', icon: '&#128221;', iconOut: '&#128196;', fileType: '.txt', multiple: false },
                        { id: 'csvToPdf', title: 'CSV to PDF', desc: 'Effortlessly transform CSV data into polished, professional PDFs.', icon: '&#128200;', iconOut: '&#128196;', fileType: '.csv', multiple: false },
                        { id: 'jsonToPdf', title: 'JSON to PDF', desc: 'Effortlessly convert JSON data into neatly formatted PDFs.', icon: '&#123;&#125;', iconOut: '&#128196;', fileType: '.json', multiple: false },
                        { id: 'xmlToPdf', title: 'XML to PDF', desc: 'Seamlessly convert XML files to professional PDFs.', icon: '&#128196;', iconOut: '&#128196;', fileType: '.xml', multiple: false },
                        { id: 'webpToPdf', title: 'WebP to PDF', desc: 'Efficiently convert WebP images to high-quality PDFs.', icon: '&#128444;', iconOut: '&#128196;', fileType: '.webp', multiple: true },
                        { id: 'deletePages', title: 'Delete PDF Pages', desc: 'Remove unwanted pages from your PDF quickly.', icon: '&#128196;', iconOut: '&#128465;', fileType: '.pdf', multiple: false },
                        { id: 'reorderPages', title: 'Reorder PDF Pages', desc: 'Easily rearrange pages in your PDF document.', icon: '&#128196;', iconOut: '&#128259;', fileType: '.pdf', multiple: false },
                        { id: 'watermark', title: 'Add Watermark', desc: 'Apply text or image watermarks to your PDFs.', icon: '&#128196;', iconOut: '&#128167;', fileType: '.pdf', multiple: false },
                        { id: 'pageNumbers', title: 'Add Page Numbers', desc: 'Insert page numbers to your PDFs with ease.', icon: '&#128196;', iconOut: '&#128290;', fileType: '.pdf', multiple: false },
                        { id: 'lockPdf', title: 'Lock PDF', desc: 'Secure your PDFs with password protection.', icon: '&#128196;', iconOut: '&#128274;', fileType: '.pdf', multiple: false },
                        { id: 'unlockPdf', title: 'Unlock PDF', desc: 'Remove password protection from PDFs.', icon: '&#128196;', iconOut: '&#128275;', fileType: '.pdf', multiple: false },
                        { id: 'editMetadata', title: 'Edit PDF Metadata', desc: 'Modify PDF metadata like title, author, and keywords.', icon: '&#128196;', iconOut: '&#128221;', fileType: '.pdf', multiple: false },
                        { id: 'signPdf', title: 'Sign PDF', desc: 'Add your signature to PDF documents electronically.', icon: '&#128196;', iconOut: '&#9997;', fileType: '.pdf', multiple: false }
                    ];

                    // DOM Elements
                    var header = document.getElementById('header');
                    var hamburger = document.getElementById('hamburger');
                    var mobileNav = document.getElementById('mobileNav');
                    var modalOverlay = document.getElementById('modalOverlay');
                    var modalTitle = document.getElementById('modalTitle');
                    var modalClose = document.getElementById('modalClose');
                    var uploadArea = document.getElementById('uploadArea');
                    var fileInput = document.getElementById('fileInput');
                    var fileList = document.getElementById('fileList');
                    var toolOptions = document.getElementById('toolOptions');
                    var processBtn = document.getElementById('processBtn');
                    var outputArea = document.getElementById('outputArea');
                    var loaderOverlay = document.getElementById('loaderOverlay');
                    var loaderText = document.getElementById('loaderText');
                    var featuresGrid = document.getElementById('featuresGrid');
                    var toolsGrid = document.getElementById('toolsGrid');

                    var selectedFiles = [];
                    var currentTool = null;

                    // Render Features
                    features.forEach(function(feature) {
                        var card = document.createElement('div');
                        card.className = 'feature-card';
                        card.innerHTML = '<div class="feature-icon">' + feature.icon + '</div>' +
                            '<h3>' + feature.title + '</h3>' +
                            '<p>' + feature.desc + '</p>';
                        featuresGrid.appendChild(card);
                    });

                    // Render Tools
                    tools.forEach(function(tool) {
                        var card = document.createElement('div');
                        card.className = 'tool-card';
                        card.innerHTML = '<div class="tool-icon-wrapper">' +
                            '<div class="tool-icon">' + tool.icon + '</div>' +
                            '<span class="tool-arrow">&#10140;</span>' +
                            '<div class="tool-icon">' + tool.iconOut + '</div>' +
                            '</div>' +
                            '<h3>' + tool.title + '</h3>' +
                            '<p>' + tool.desc + '</p>';
                        card.addEventListener('click', function() {
                            openModal(tool);
                        });
                        toolsGrid.appendChild(card);
                    });

                    // Header scroll effect
                    window.addEventListener('scroll', function() {
                        if (window.scrollY > 50) {
                            header.classList.add('scrolled');
                        } else {
                            header.classList.remove('scrolled');
                        }
                    });

                    // Hamburger menu
                    hamburger.addEventListener('click', function() {
                        mobileNav.classList.toggle('active');
                    });

                    // Close mobile nav on link click
                    mobileNav.querySelectorAll('a').forEach(function(link) {
                        link.addEventListener('click', function() {
                            mobileNav.classList.remove('active');
                        });
                    });

                    // Modal functions
                    function openModal(tool) {
                        currentTool = tool;
                        modalTitle.textContent = tool.title;
                        fileInput.accept = tool.fileType;
                        fileInput.multiple = tool.multiple;
                        selectedFiles = [];
                        updateFileList();
                        toolOptions.style.display = 'none';
                        toolOptions.innerHTML = '';
                        outputArea.classList.remove('active');
                        outputArea.innerHTML = '';
                        processBtn.disabled = true;

                        // Add tool-specific options
                        if (tool.id === 'split' || tool.id === 'deletePages') {
                            toolOptions.style.display = 'block';
                            toolOptions.innerHTML = '<label>Page Ranges (e.g., 1-3, 5, 7-9)</label>' +
                                '<input type="text" id="pageRanges" placeholder="1-3, 5, 7-9"/>';
                        } else if (tool.id === 'compress') {
                            toolOptions.style.display = 'block';
                            toolOptions.innerHTML = '<label>Quality: <span id="qualityValue">80%</span></label>' +
                                '<input type="range" id="qualitySlider" min="10" max="100" value="80"/>';
                            var slider = document.getElementById('qualitySlider');
                            slider.addEventListener('input', function() {
                                document.getElementById('qualityValue').textContent = this.value + '%';
                            });
                        } else if (tool.id === 'rotate') {
                            toolOptions.style.display = 'block';
                            toolOptions.innerHTML = '<label>Rotation Angle</label>' +
                                '<select id="rotateAngle">' +
                                '<option value="90">90° Clockwise</option>' +
                                '<option value="180">180°</option>' +
                                '<option value="270">270° Clockwise</option>' +
                                '</select>';
                        } else if (tool.id === 'watermark') {
                            toolOptions.style.display = 'block';
                            toolOptions.innerHTML = '<label>Watermark Text</label>' +
                                '<input type="text" id="watermarkText" placeholder="Enter watermark text"/>' +
                                '<label>Opacity: <span id="opacityValue">50%</span></label>' +
                                '<input type="range" id="opacitySlider" min="10" max="100" value="50"/>';
                            var opacitySlider = document.getElementById('opacitySlider');
                            opacitySlider.addEventListener('input', function() {
                                document.getElementById('opacityValue').textContent = this.value + '%';
                            });
                        } else if (tool.id === 'reorderPages') {
                            toolOptions.style.display = 'block';
                            toolOptions.innerHTML = '<label>New Page Order (e.g., 3, 1, 2, 5, 4)</label>' +
                                '<input type="text" id="pageOrder" placeholder="3, 1, 2, 5, 4"/>';
                        } else if (tool.id === 'lockPdf') {
                            toolOptions.style.display = 'block';
                            toolOptions.innerHTML = '<label>Password</label>' +
                                '<input type="password" id="pdfPassword" placeholder="Enter password"/>';
                        } else if (tool.id === 'unlockPdf') {
                            toolOptions.style.display = 'block';
                            toolOptions.innerHTML = '<label>Current Password</label>' +
                                '<input type="password" id="pdfPassword" placeholder="Enter current password"/>';
                        } else if (tool.id === 'editMetadata') {
                            toolOptions.style.display = 'block';
                            toolOptions.innerHTML = '<label>Title</label>' +
                                '<input type="text" id="metaTitle" placeholder="Document title"/>' +
                                '<label>Author</label>' +
                                '<input type="text" id="metaAuthor" placeholder="Author name"/>' +
                                '<label>Subject</label>' +
                                '<input type="text" id="metaSubject" placeholder="Document subject"/>' +
                                '<label>Keywords</label>' +
                                '<input type="text" id="metaKeywords" placeholder="keyword1, keyword2"/>';
                        } else if (tool.id === 'signPdf') {
                            toolOptions.style.display = 'block';
                            toolOptions.innerHTML = '<label>Draw Your Signature</label>' +
                                '<canvas class="signature-canvas" id="signatureCanvas"></canvas>' +
                                '<div class="canvas-controls">' +
                                '<button type="button" id="clearSignature">Clear</button>' +
                                '</div>';
                            setTimeout(function() {
                                initSignatureCanvas();
                            }, 100);
                        }

                        modalOverlay.classList.add('active');
                    }

                    function closeModal() {
                        modalOverlay.classList.remove('active');
                        currentTool = null;
                        selectedFiles = [];
                    }

                    modalClose.addEventListener('click', closeModal);
                    modalOverlay.addEventListener('click', function(e) {
                        if (e.target === modalOverlay) {
                            closeModal();
                        }
                    });

                    // Escape key to close modal
                    document.addEventListener('keydown', function(e) {
                        if (e.key === 'Escape' && modalOverlay.classList.contains('active')) {
                            closeModal();
                        }
                    });

                    // File upload
                    uploadArea.addEventListener('click', function() {
                        fileInput.click();
                    });

                    uploadArea.addEventListener('dragover', function(e) {
                        e.preventDefault();
                        uploadArea.classList.add('dragover');
                    });

                    uploadArea.addEventListener('dragleave', function() {
                        uploadArea.classList.remove('dragover');
                    });

                    uploadArea.addEventListener('drop', function(e) {
                        e.preventDefault();
                        uploadArea.classList.remove('dragover');
                        handleFiles(e.dataTransfer.files);
                    });

                    fileInput.addEventListener('change', function(e) {
                        handleFiles(e.target.files);
                    });

                    function handleFiles(files) {
                        if (!currentTool) return;
                        
                        for (var i = 0; i < files.length; i++) {
                            if (!currentTool.multiple && selectedFiles.length >= 1) {
                                selectedFiles = [];
                            }
                            selectedFiles.push(files[i]);
                        }
                        updateFileList();
                        processBtn.disabled = selectedFiles.length === 0;
                    }

                    function updateFileList() {
                        fileList.innerHTML = '';
                        selectedFiles.forEach(function(file, index) {
                            var item = document.createElement('div');
                            item.className = 'file-item';
                            item.innerHTML = '<div class="file-info">' +
                                '<span>&#128196;</span>' +
                                '<span>' + file.name + '</span>' +
                                '<span class="file-size">(' + formatFileSize(file.size) + ')</span>' +
                                '</div>' +
                                '<button class="remove-file" data-index="' + index + '">&#215;</button>';
                            fileList.appendChild(item);
                        });

                        fileList.querySelectorAll('.remove-file').forEach(function(btn) {
                            btn.addEventListener('click', function() {
                                var index = parseInt(this.getAttribute('data-index'));
                                selectedFiles.splice(index, 1);
                                updateFileList();
                                processBtn.disabled = selectedFiles.length === 0;
                            });
                        });
                    }

                    function formatFileSize(bytes) {
                        if (bytes === 0) return '0 Bytes';
                        var k = 1024;
                        var sizes = ['Bytes', 'KB', 'MB', 'GB'];
                        var i = Math.floor(Math.log(bytes) / Math.log(k));
                        return parseFloat((bytes / Math.pow(k, i)).toFixed(2)) + ' ' + sizes[i];
                    }

                    function showLoader(text) {
                        loaderText.textContent = text;
                        loaderOverlay.classList.add('active');
                    }

                    function hideLoader() {
                        loaderOverlay.classList.remove('active');
                    }

                    // Signature canvas
                    var signatureCanvas, signatureCtx, isDrawing = false;
                    
                    function initSignatureCanvas() {
                        signatureCanvas = document.getElementById('signatureCanvas');
                        if (!signatureCanvas) return;
                        
                        signatureCtx = signatureCanvas.getContext('2d');
                        signatureCanvas.width = signatureCanvas.offsetWidth;
                        signatureCanvas.height = 200;
                        signatureCtx.strokeStyle = '#000';
                        signatureCtx.lineWidth = 2;
                        signatureCtx.lineCap = 'round';

                        signatureCanvas.addEventListener('mousedown', startDrawing);
                        signatureCanvas.addEventListener('mousemove', draw);
                        signatureCanvas.addEventListener('mouseup', stopDrawing);
                        signatureCanvas.addEventListener('mouseout', stopDrawing);
                        signatureCanvas.addEventListener('touchstart', startDrawing);
                        signatureCanvas.addEventListener('touchmove', draw);
                        signatureCanvas.addEventListener('touchend', stopDrawing);

                        var clearBtn = document.getElementById('clearSignature');
                        if (clearBtn) {
                            clearBtn.addEventListener('click', function() {
                                signatureCtx.clearRect(0, 0, signatureCanvas.width, signatureCanvas.height);
                            });
                        }
                    }

                    function startDrawing(e) {
                        isDrawing = true;
                        signatureCtx.beginPath();
                        var pos = getCanvasPos(e);
                        signatureCtx.moveTo(pos.x, pos.y);
                    }

                    function draw(e) {
                        if (!isDrawing) return;
                        e.preventDefault();
                        var pos = getCanvasPos(e);
                        signatureCtx.lineTo(pos.x, pos.y);
                        signatureCtx.stroke();
                    }

                    function stopDrawing() {
                        isDrawing = false;
                    }

                    function getCanvasPos(e) {
                        var rect = signatureCanvas.getBoundingClientRect();
                        var clientX = e.touches ? e.touches[0].clientX : e.clientX;
                        var clientY = e.touches ? e.touches[0].clientY : e.clientY;
                        return {
                            x: clientX - rect.left,
                            y: clientY - rect.top
                        };
                    }

                    // Process button click
                    processBtn.addEventListener('click', function() {
                        if (!currentTool || selectedFiles.length === 0) return;
                        processFiles();
                    });

                    async function processFiles() {
                        showLoader('Processing...');
                        
                        try {
                            var result = await processToolAction(currentTool.id, selectedFiles);
                            
                            if (result && result.data) {
                                var blob = new Blob([result.data], { type: result.type });
                                var url = URL.createObjectURL(blob);
                                
                                outputArea.innerHTML = '<h3>&#10004; Processing Complete!</h3>' +
                                    '<p>Your file is ready for download.</p>' +
                                    '<a href="' + url + '" download="' + result.filename + '">Download ' + result.filename + '</a>';
                                outputArea.classList.add('active');
                            }
                        } catch (error) {
                            console.error('Processing error:', error);
                            alert('Error: ' + error.message);
                        } finally {
                            hideLoader();
                        }
                    }

                    async function processToolAction(toolId, files) {
                        var PDFLib = window.PDFLib;
                        
                        switch (toolId) {
                            case 'merge':
                                return await mergePdfs(files);
                            case 'split':
                                return await splitPdf(files[0]);
                            case 'compress':
                                return await compressPdf(files[0]);
                            case 'rotate':
                                return await rotatePdf(files[0]);
                            case 'pdfToText':
                                return await pdfToText(files[0]);
                            case 'pdfToJpg':
                            case 'pdfToPng':
                                return await pdfToImages(files[0], toolId === 'pdfToPng' ? 'png' : 'jpg');
                            case 'jpgToPdf':
                            case 'pngToPdf':
                            case 'webpToPdf':
                                return await imagesToPdf(files);
                            case 'wordToPdf':
                                return await wordToPdf(files[0]);
                            case 'htmlToPdf':
                                return await htmlToPdf(files[0]);
                            case 'textToPdf':
                                return await textToPdf(files[0]);
                            case 'csvToPdf':
                                return await csvToPdf(files[0]);
                            case 'jsonToPdf':
                                return await jsonToPdf(files[0]);
                            case 'xmlToPdf':
                                return await xmlToPdf(files[0]);
                            case 'deletePages':
                                return await deletePages(files[0]);
                            case 'reorderPages':
                                return await reorderPages(files[0]);
                            case 'watermark':
                                return await addWatermark(files[0]);
                            case 'pageNumbers':
                                return await addPageNumbers(files[0]);
                            case 'editMetadata':
                                return await editMetadata(files[0]);
                            case 'signPdf':
                                return await signPdf(files[0]);
                            case 'pdfToWord':
                                return await pdfToWord(files[0]);
                            case 'pdfToPpt':
                                return await pdfToPpt(files[0]);
                            case 'excelToPdf':
                                return await excelToPdf(files[0]);
                            default:
                                throw new Error('Tool not implemented yet');
                        }
                    }

                    // Tool implementations
                    async function mergePdfs(files) {
                        var PDFLib = window.PDFLib;
                        var mergedPdf = await PDFLib.PDFDocument.create();
                        
                        for (var i = 0; i < files.length; i++) {
                            var arrayBuffer = await files[i].arrayBuffer();
                            var pdf = await PDFLib.PDFDocument.load(arrayBuffer);
                            var pages = await mergedPdf.copyPages(pdf, pdf.getPageIndices());
                            pages.forEach(function(page) {
                                mergedPdf.addPage(page);
                            });
                        }
                        
                        var data = await mergedPdf.save();
                        return { data: data, filename: 'merged.pdf', type: 'application/pdf' };
                    }

                    async function splitPdf(file) {
                        var PDFLib = window.PDFLib;
                        var pageRanges = document.getElementById('pageRanges').value;
                        var arrayBuffer = await file.arrayBuffer();
                        var pdf = await PDFLib.PDFDocument.load(arrayBuffer);
                        var totalPages = pdf.getPageCount();
                        var pages = parsePageRanges(pageRanges, totalPages);
                        
                        if (pages.length === 0) {
                            throw new Error('Invalid page range');
                        }
                        
                        var newPdf = await PDFLib.PDFDocument.create();
                        var copiedPages = await newPdf.copyPages(pdf, pages.map(function(p) { return p - 1; }));
                        copiedPages.forEach(function(page) {
                            newPdf.addPage(page);
                        });
                        
                        var data = await newPdf.save();
                        return { data: data, filename: 'split.pdf', type: 'application/pdf' };
                    }

                    async function compressPdf(file) {
                        var PDFLib = window.PDFLib;
                        var quality = parseInt(document.getElementById('qualitySlider').value) / 100;
                        var arrayBuffer = await file.arrayBuffer();
                        var pdf = await PDFLib.PDFDocument.load(arrayBuffer);
                        
                        // Basic compression by re-saving with optimization
                        var data = await pdf.save({ useObjectStreams: true });
                        return { data: data, filename: 'compressed.pdf', type: 'application/pdf' };
                    }

                    async function rotatePdf(file) {
                        var PDFLib = window.PDFLib;
                        var angle = parseInt(document.getElementById('rotateAngle').value);
                        var arrayBuffer = await file.arrayBuffer();
                        var pdf = await PDFLib.PDFDocument.load(arrayBuffer);
                        var pages = pdf.getPages();
                        
                        pages.forEach(function(page) {
                            page.setRotation(PDFLib.degrees(angle));
                        });
                        
                        var data = await pdf.save();
                        return { data: data, filename: 'rotated.pdf', type: 'application/pdf' };
                    }

                    async function pdfToText(file) {
                        var arrayBuffer = await file.arrayBuffer();
                        var pdf = await pdfjsLib.getDocument({ data: arrayBuffer }).promise;
                        var text = '';
                        
                        for (var i = 1; i <= pdf.numPages; i++) {
                            var page = await pdf.getPage(i);
                            var content = await page.getTextContent();
                            var pageText = content.items.map(function(item) { return item.str; }).join(' ');
                            text += 'Page ' + i + ':\n' + pageText + '\n\n';
                        }
                        
                        var encoder = new TextEncoder();
                        var data = encoder.encode(text);
                        return { data: data, filename: 'extracted.txt', type: 'text/plain' };
                    }

                    async function pdfToImages(file, format) {
                        var arrayBuffer = await file.arrayBuffer();
                        var pdf = await pdfjsLib.getDocument({ data: arrayBuffer }).promise;
                        
                        if (pdf.numPages === 1) {
                            var page = await pdf.getPage(1);
                            var canvas = document.createElement('canvas');
                            var context = canvas.getContext('2d');
                            var viewport = page.getViewport({ scale: 2 });
                            canvas.width = viewport.width;
                            canvas.height = viewport.height;
                            
                            await page.render({ canvasContext: context, viewport: viewport }).promise;
                            
                            var blob = await new Promise(function(resolve) {
                                canvas.toBlob(resolve, 'image/' + format, 0.95);
                            });
                            var data = await blob.arrayBuffer();
                            return { data: new Uint8Array(data), filename: 'page.' + format, type: 'image/' + format };
                        } else {
                            var zip = new JSZip();
                            
                            for (var i = 1; i <= pdf.numPages; i++) {
                                var page = await pdf.getPage(i);
                                var canvas = document.createElement('canvas');
                                var context = canvas.getContext('2d');
                                var viewport = page.getViewport({ scale: 2 });
                                canvas.width = viewport.width;
                                canvas.height = viewport.height;
                                
                                await page.render({ canvasContext: context, viewport: viewport }).promise;
                                
                                var blob = await new Promise(function(resolve) {
                                    canvas.toBlob(resolve, 'image/' + format, 0.95);
                                });
                                zip.file('page_' + i + '.' + format, blob);
                            }
                            
                            var zipData = await zip.generateAsync({ type: 'uint8array' });
                            return { data: zipData, filename: 'images.zip', type: 'application/zip' };
                        }
                    }

                    async function imagesToPdf(files) {
                        var PDFLib = window.PDFLib;
                        var pdf = await PDFLib.PDFDocument.create();
                        
                        for (var i = 0; i < files.length; i++) {
                            var arrayBuffer = await files[i].arrayBuffer();
                            var image;
                            
                            if (files[i].type === 'image/png') {
                                image = await pdf.embedPng(arrayBuffer);
                            } else {
                                image = await pdf.embedJpg(arrayBuffer);
                            }
                            
                            var page = pdf.addPage([image.width, image.height]);
                            page.drawImage(image, {
                                x: 0,
                                y: 0,
                                width: image.width,
                                height: image.height
                            });
                        }
                        
                        var data = await pdf.save();
                        return { data: data, filename: 'images.pdf', type: 'application/pdf' };
                    }

                    async function wordToPdf(file) {
                        var arrayBuffer = await file.arrayBuffer();
                        var result = await mammoth.convertToHtml({ arrayBuffer: arrayBuffer });
                        var html = result.value;
                        
                        var container = document.createElement('div');
                        container.innerHTML = html;
                        container.style.padding = '40px';
                        container.style.fontFamily = 'Arial, sans-serif';
                        container.style.lineHeight = '1.6';
                        
                        document.body.appendChild(container);
                        
                        var opt = {
                            margin: 10,
                            filename: 'document.pdf',
                            image: { type: 'jpeg', quality: 0.98 },
                            html2canvas: { scale: 2 },
                            jsPDF: { unit: 'mm', format: 'a4', orientation: 'portrait' }
                        };
                        
                        var pdfBlob = await html2pdf().from(container).set(opt).outputPdf('blob');
                        document.body.removeChild(container);
                        
                        var data = await pdfBlob.arrayBuffer();
                        return { data: new Uint8Array(data), filename: 'document.pdf', type: 'application/pdf' };
                    }

                    async function htmlToPdf(file) {
                        var text = await file.text();
                        var container = document.createElement('div');
                        container.innerHTML = text;
                        document.body.appendChild(container);
                        
                        var opt = {
                            margin: 10,
                            filename: 'converted.pdf',
                            image: { type: 'jpeg', quality: 0.98 },
                            html2canvas: { scale: 2 },
                            jsPDF: { unit: 'mm', format: 'a4', orientation: 'portrait' }
                        };
                        
                        var pdfBlob = await html2pdf().from(container).set(opt).outputPdf('blob');
                        document.body.removeChild(container);
                        
                        var data = await pdfBlob.arrayBuffer();
                        return { data: new Uint8Array(data), filename: 'converted.pdf', type: 'application/pdf' };
                    }

                    async function textToPdf(file) {
                        var text = await file.text();
                        var container = document.createElement('div');
                        container.style.whiteSpace = 'pre-wrap';
                        container.style.fontFamily = 'Courier New, monospace';
                        container.style.padding = '40px';
                        container.style.lineHeight = '1.6';
                        container.textContent = text;
                        document.body.appendChild(container);
                        
                        var opt = {
                            margin: 10,
                            filename: 'text.pdf',
                            image: { type: 'jpeg', quality: 0.98 },
                            html2canvas: { scale: 2 },
                            jsPDF: { unit: 'mm', format: 'a4', orientation: 'portrait' }
                        };
                        
                        var pdfBlob = await html2pdf().from(container).set(opt).outputPdf('blob');
                        document.body.removeChild(container);
                        
                        var data = await pdfBlob.arrayBuffer();
                        return { data: new Uint8Array(data), filename: 'text.pdf', type: 'application/pdf' };
                    }

                    async function csvToPdf(file) {
                        var text = await file.text();
                        var rows = text.split('\n').map(function(row) { return row.split(','); });
                        
                        var tableHtml = '<table style="width:100%;border-collapse:collapse;font-family:Arial,sans-serif;">';
                        rows.forEach(function(row, i) {
                            tableHtml += '<tr>';
                            row.forEach(function(cell) {
                                var tag = i === 0 ? 'th' : 'td';
                                tableHtml += '<' + tag + ' style="border:1px solid #ddd;padding:8px;text-align:left;">' + cell.trim() + '</' + tag + '>';
                            });
                            tableHtml += '</tr>';
                        });
                        tableHtml += '</table>';
                        
                        var container = document.createElement('div');
                        container.innerHTML = tableHtml;
                        container.style.padding = '20px';
                        document.body.appendChild(container);
                        
                        var pdfBlob = await html2pdf().from(container).set({
                            margin: 10,
                            filename: 'csv.pdf',
                            jsPDF: { unit: 'mm', format: 'a4', orientation: 'portrait' }
                        }).outputPdf('blob');
                        document.body.removeChild(container);
                        
                        var data = await pdfBlob.arrayBuffer();
                        return { data: new Uint8Array(data), filename: 'csv.pdf', type: 'application/pdf' };
                    }

                    async function jsonToPdf(file) {
                        var text = await file.text();
                        var json = JSON.parse(text);
                        var formatted = JSON.stringify(json, null, 2);
                        
                        var container = document.createElement('pre');
                        container.style.fontFamily = 'Courier New, monospace';
                        container.style.padding = '20px';
                        container.style.fontSize = '12px';
                        container.style.lineHeight = '1.5';
                        container.textContent = formatted;
                        document.body.appendChild(container);
                        
                        var pdfBlob = await html2pdf().from(container).set({
                            margin: 10,
                            filename: 'json.pdf',
                            jsPDF: { unit: 'mm', format: 'a4', orientation: 'portrait' }
                        }).outputPdf('blob');
                        document.body.removeChild(container);
                        
                        var data = await pdfBlob.arrayBuffer();
                        return { data: new Uint8Array(data), filename: 'json.pdf', type: 'application/pdf' };
                    }

                    async function xmlToPdf(file) {
                        var text = await file.text();
                        
                        var container = document.createElement('pre');
                        container.style.fontFamily = 'Courier New, monospace';
                        container.style.padding = '20px';
                        container.style.fontSize = '12px';
                        container.style.lineHeight = '1.5';
                        container.textContent = text;
                        document.body.appendChild(container);
                        
                        var pdfBlob = await html2pdf().from(container).set({
                            margin: 10,
                            filename: 'xml.pdf',
                            jsPDF: { unit: 'mm', format: 'a4', orientation: 'portrait' }
                        }).outputPdf('blob');
                        document.body.removeChild(container);
                        
                        var data = await pdfBlob.arrayBuffer();
                        return { data: new Uint8Array(data), filename: 'xml.pdf', type: 'application/pdf' };
                    }

                    async function deletePages(file) {
                        var PDFLib = window.PDFLib;
                        var pageRanges = document.getElementById('pageRanges').value;
                        var arrayBuffer = await file.arrayBuffer();
                        var pdf = await PDFLib.PDFDocument.load(arrayBuffer);
                        var totalPages = pdf.getPageCount();
                        var pagesToDelete = parsePageRanges(pageRanges, totalPages);
                        
                        var newPdf = await PDFLib.PDFDocument.create();
                        var allPages = [];
                        for (var i = 1; i <= totalPages; i++) {
                            if (pagesToDelete.indexOf(i) === -1) {
                                allPages.push(i - 1);
                            }
                        }
                        
                        if (allPages.length === 0) {
                            throw new Error('Cannot delete all pages');
                        }
                        
                        var copiedPages = await newPdf.copyPages(pdf, allPages);
                        copiedPages.forEach(function(page) {
                            newPdf.addPage(page);
                        });
                        
                        var data = await newPdf.save();
                        return { data: data, filename: 'modified.pdf', type: 'application/pdf' };
                    }

                    async function reorderPages(file) {
                        var PDFLib = window.PDFLib;
                        var pageOrder = document.getElementById('pageOrder').value;
                        var order = pageOrder.split(',').map(function(n) { return parseInt(n.trim()) - 1; });
                        
                        var arrayBuffer = await file.arrayBuffer();
                        var pdf = await PDFLib.PDFDocument.load(arrayBuffer);
                        
                        var newPdf = await PDFLib.PDFDocument.create();
                        var copiedPages = await newPdf.copyPages(pdf, order);
                        copiedPages.forEach(function(page) {
                            newPdf.addPage(page);
                        });
                        
                        var data = await newPdf.save();
                        return { data: data, filename: 'reordered.pdf', type: 'application/pdf' };
                    }

                    async function addWatermark(file) {
                        var PDFLib = window.PDFLib;
                        var watermarkText = document.getElementById('watermarkText').value;
                        var opacity = parseInt(document.getElementById('opacitySlider').value) / 100;
                        
                        var arrayBuffer = await file.arrayBuffer();
                        var pdf = await PDFLib.PDFDocument.load(arrayBuffer);
                        var pages = pdf.getPages();
                        
                        pages.forEach(function(page) {
                            var width = page.getWidth();
                            var height = page.getHeight();
                            
                            page.drawText(watermarkText, {
                                x: width / 2 - 100,
                                y: height / 2,
                                size: 50,
                                opacity: opacity,
                                color: PDFLib.rgb(0.7, 0.7, 0.7),
                                rotate: PDFLib.degrees(-45)
                            });
                        });
                        
                        var data = await pdf.save();
                        return { data: data, filename: 'watermarked.pdf', type: 'application/pdf' };
                    }

                    async function addPageNumbers(file) {
                        var PDFLib = window.PDFLib;
                        var arrayBuffer = await file.arrayBuffer();
                        var pdf = await PDFLib.PDFDocument.load(arrayBuffer);
                        var pages = pdf.getPages();
                        
                        pages.forEach(function(page, i) {
                            var width = page.getWidth();
                            page.drawText('Page ' + (i + 1) + ' of ' + pages.length, {
                                x: width / 2 - 40,
                                y: 30,
                                size: 12,
                                color: PDFLib.rgb(0, 0, 0)
                            });
                        });
                        
                        var data = await pdf.save();
                        return { data: data, filename: 'numbered.pdf', type: 'application/pdf' };
                    }

                    async function editMetadata(file) {
                        var PDFLib = window.PDFLib;
                        var arrayBuffer = await file.arrayBuffer();
                        var pdf = await PDFLib.PDFDocument.load(arrayBuffer);
                        
                        var title = document.getElementById('metaTitle').value;
                        var author = document.getElementById('metaAuthor').value;
                        var subject = document.getElementById('metaSubject').value;
                        var keywords = document.getElementById('metaKeywords').value.split(',').map(function(k) { return k.trim(); });
                        
                        if (title) pdf.setTitle(title);
                        if (author) pdf.setAuthor(author);
                        if (subject) pdf.setSubject(subject);
                        if (keywords.length > 0) pdf.setKeywords(keywords);
                        
                        var data = await pdf.save();
                        return { data: data, filename: 'metadata_edited.pdf', type: 'application/pdf' };
                    }

                    async function signPdf(file) {
                        var PDFLib = window.PDFLib;
                        if (!signatureCanvas) {
                            throw new Error('Please draw a signature first');
                        }
                        
                        var signatureDataUrl = signatureCanvas.toDataURL('image/png');
                        var signatureBytes = await fetch(signatureDataUrl).then(function(res) { return res.arrayBuffer(); });
                        
                        var arrayBuffer = await file.arrayBuffer();
                        var pdf = await PDFLib.PDFDocument.load(arrayBuffer);
                        var signatureImage = await pdf.embedPng(signatureBytes);
                        
                        var page = pdf.getPage(0);
                        var width = page.getWidth();
                        
                        page.drawImage(signatureImage, {
                            x: width - 200,
                            y: 50,
                            width: 150,
                            height: 60
                        });
                        
                        var data = await pdf.save();
                        return { data: data, filename: 'signed.pdf', type: 'application/pdf' };
                    }

                    async function pdfToWord(file) {
                        var arrayBuffer = await file.arrayBuffer();
                        var pdf = await pdfjsLib.getDocument({ data: arrayBuffer }).promise;
                        var text = '';
                        
                        for (var i = 1; i <= pdf.numPages; i++) {
                            var page = await pdf.getPage(i);
                            var content = await page.getTextContent();
                            var pageText = content.items.map(function(item) { return item.str; }).join(' ');
                            text += pageText + '\n\n';
                        }
                        
                        var encoder = new TextEncoder();
                        var data = encoder.encode(text);
                        return { data: data, filename: 'converted.txt', type: 'text/plain' };
                    }

                    async function pdfToPpt(file) {
                        var arrayBuffer = await file.arrayBuffer();
                        var pdf = await pdfjsLib.getDocument({ data: arrayBuffer }).promise;
                        var pptx = new PptxGenJS();
                        
                        for (var i = 1; i <= pdf.numPages; i++) {
                            showLoader('Processing page ' + i + ' of ' + pdf.numPages + '...');
                            
                            var page = await pdf.getPage(i);
                            var canvas = document.createElement('canvas');
                            var context = canvas.getContext('2d');
                            var viewport = page.getViewport({ scale: 2 });
                            canvas.width = viewport.width;
                            canvas.height = viewport.height;
                            
                            await page.render({ canvasContext: context, viewport: viewport }).promise;
                            
                            var dataUrl = canvas.toDataURL('image/png');
                            var slide = pptx.addSlide();
                            slide.addImage({ data: dataUrl, x: 0, y: 0, w: '100%', h: '100%' });
                        }
                        
                        var pptxData = await pptx.write({ outputType: 'uint8array' });
                        return { data: pptxData, filename: 'presentation.pptx', type: 'application/vnd.openxmlformats-officedocument.presentationml.presentation' };
                    }

                    async function excelToPdf(file) {
                        var arrayBuffer = await file.arrayBuffer();
                        var workbook = XLSX.read(arrayBuffer, { type: 'array' });
                        var html = '';
                        
                        workbook.SheetNames.forEach(function(sheetName) {
                            var sheet = workbook.Sheets[sheetName];
                            html += '<h2>' + sheetName + '</h2>';
                            html += XLSX.utils.sheet_to_html(sheet);
                        });
                        
                        var container = document.createElement('div');
                        container.innerHTML = html;
                        container.style.padding = '20px';
                        container.style.fontFamily = 'Arial, sans-serif';
                        document.body.appendChild(container);
                        
                        var pdfBlob = await html2pdf().from(container).set({
                            margin: 10,
                            filename: 'excel.pdf',
                            jsPDF: { unit: 'mm', format: 'a4', orientation: 'landscape' }
                        }).outputPdf('blob');
                        document.body.removeChild(container);
                        
                        var data = await pdfBlob.arrayBuffer();
                        return { data: new Uint8Array(data), filename: 'excel.pdf', type: 'application/pdf' };
                    }

                    function parsePageRanges(input, totalPages) {
                        var pages = [];
                        var parts = input.split(',');
                        
                        parts.forEach(function(part) {
                            part = part.trim();
                            if (part.indexOf('-') !== -1) {
                                var range = part.split('-').map(function(n) { return parseInt(n.trim()); });
                                var start = range[0];
                                var end = range[1];
                                for (var i = start; i <= Math.min(end, totalPages); i++) {
                                    if (i >= 1 && pages.indexOf(i) === -1) {
                                        pages.push(i);
                                    }
                                }
                            } else {
                                var num = parseInt(part);
                                if (num >= 1 && num <= totalPages && pages.indexOf(num) === -1) {
                                    pages.push(num);
                                }
                            }
                        });
                        
                        return pages.sort(function(a, b) { return a - b; });
                    }
                });
                //]]>
                </script>
            </b:includable>
        </b:widget>
    </b:section>
</body>
</html>
